{
	"format_version": "1.8.0",
	"animations": {
		"attack1": {
			"animation_length": 0.4167,
			"bones": {
				"waist": {
					"rotation": {
						"0.0": {
							"vector": [0, 0, 0]
						},
						"0.0417": {
							"vector": [0, 27.4, 0]
						},
						"0.125": {
							"vector": [5, -70.1, 0]
						},
						"0.25": {
							"vector": [5, -70.1, 0]
						},
						"0.375": {
							"vector": [0, 0, 0]
						}
					},
					"position": {
						"0.0": {
							"vector": [0, 0, 0]
						},
						"0.0417": {
							"vector": [0, 0, 0]
						},
						"0.125": {
							"vector": [0, 0, -1]
						},
						"0.25": {
							"vector": [0, 0, -1]
						},
						"0.375": {
							"vector": [0, 0, 0]
						}
					}
				},
				"right_arm": {
					"rotation": {
						"0.0": {
							"vector": [0, 0, 0]
						},
						"0.0417": {
							"vector": [-90, 60, 0]
						},
						"0.125": {
							"vector": [-90, 57.66, 0]
						},
						"0.1667": {
							"vector": [-90, 57.66, 0]
						},
						"0.25": {
							"vector": [-90, 57.66, 0]
						},
						"0.375": {
							"vector": [0, 0, 0]
						}
					},
					"position": {
						"0.0": {
							"vector": [0, 0, 0]
						},
						"0.0417": {
							"vector": [1, 0, 3]
						},
						"0.125": {
							"vector": [-0.25, 0, -1.77]
						},
						"0.1667": {
							"vector": [-0.50953, 0.19357, -3.9825]
						},
						"0.25": {
							"vector": [1, 0, -1.02]
						},
						"0.375": {
							"vector": [0, 0, 0]
						}
					}
				},
				"right_forearm": {
					"rotation": {
						"0.0": {
							"vector": [0, 0, 0]
						},
						"0.0417": {
							"vector": [0, 0, -16.25]
						},
						"0.125": {
							"vector": [0, 0, -23.81]
						},
						"0.25": {
							"vector": [0, 0, -13.81]
						},
						"0.375": {
							"vector": [0, 0, 0]
						}
					},
					"position": {
						"0.0": {
							"vector": [0, 0, 0]
						},
						"0.0417": {
							"vector": [-0.25, 0.75, 0]
						},
						"0.125": {
							"vector": [-0.75, 0.75, 0]
						},
						"0.25": {
							"vector": [-0.25, 0.75, 0]
						},
						"0.375": {
							"vector": [0, 0, 0]
						}
					}
				},
				"left_arm": {
					"rotation": {
						"0.0": {
							"vector": [0, 0, 0]
						},
						"0.0417": {
							"vector": [-45.04074, -1.25535, -12.37831]
						},
						"0.125": {
							"vector": [-53.63875, -11.42367, -35.41536]
						},
						"0.25": {
							"vector": [-53.31945, 3.59102, -30.49211]
						},
						"0.375": {
							"vector": [0, 0, 0]
						}
					},
					"position": {
						"0.0": {
							"vector": [0, 0, 0]
						},
						"0.0417": {
							"vector": [0, 0, 0]
						},
						"0.125": {
							"vector": [-1, 0, 0]
						},
						"0.25": {
							"vector": [-1, 0, 0]
						},
						"0.375": {
							"vector": [0, 0, 0]
						}
					}
				},
				"left_forearm": {
					"rotation": {
						"0.0": {
							"vector": [0, 0, 0]
						},
						"0.0417": {
							"vector": [-30, 0, 0]
						},
						"0.125": {
							"vector": [-57.14, 0, 0]
						},
						"0.25": {
							"vector": [-57.14, 0, 0]
						},
						"0.375": {
							"vector": [0, 0, 0]
						}
					},
					"position": {
						"0.0": {
							"vector": [0, 0, 0]
						},
						"0.0417": {
							"vector": [0, 1, 0.25]
						},
						"0.125": {
							"vector": [0, 1.32, 1.14]
						},
						"0.25": {
							"vector": [0, 1.32, 1.14]
						},
						"0.375": {
							"vector": [0, 0, 0]
						}
					}
				}
			}
		},
		"attack2": {
			"animation_length": 0.4167,
			"bones": {
				"waist": {
					"rotation": {
						"0.0": {
							"vector": [0, 0, 0]
						},
						"0.0417": {
							"vector": [0, -27.4, 0]
						},
						"0.125": {
							"vector": [5, 70.1, 0]
						},
						"0.25": {
							"vector": [5, 70.1, 0]
						},
						"0.375": {
							"vector": [0, 0, 0]
						}
					},
					"position": {
						"0.0": {
							"vector": [0, 0, 0]
						},
						"0.0417": {
							"vector": [0, 0, 0]
						},
						"0.125": {
							"vector": [0, 0, -1]
						},
						"0.25": {
							"vector": [0, 0, -1]
						},
						"0.375": {
							"vector": [0, 0, 0]
						}
					}
				},
				"right_arm": {
					"rotation": {
						"0.0": {
							"vector": [0, 0, 0]
						},
						"0.0417": {
							"vector": [-66.45588, 11.2678, 5.14097]
						},
						"0.125": {
							"vector": [-85.17583, -1.61888, 12.39638]
						},
						"0.25": {
							"vector": [-80.18, -1.62, 12.4]
						},
						"0.375": {
							"vector": [0, 0, 0]
						}
					},
					"position": {
						"0.0": {
							"vector": [0, 0, 0]
						},
						"0.0417": {
							"vector": [0, 0, -1]
						},
						"0.125": {
							"vector": [0, 0, 0]
						},
						"0.25": {
							"vector": [0, 0, 0]
						},
						"0.375": {
							"vector": [0, 0, 0]
						}
					}
				},
				"right_forearm": {
					"rotation": {
						"0.0": {
							"vector": [0, 0, 0]
						},
						"0.0417": {
							"vector": [-22.01816, -4.75113, -11.57518]
						},
						"0.125": {
							"vector": [-30.69601, -1.33794, -3.23478]
						},
						"0.25": {
							"vector": [-22.54058, -0.76454, -1.84845]
						},
						"0.375": {
							"vector": [0, 0, 0]
						}
					},
					"position": {
						"0.0": {
							"vector": [0, 0, 0]
						},
						"0.0417": {
							"vector": [-0.5, 0.25, 0.25]
						},
						"0.125": {
							"vector": [0, 0.6, 0.85]
						},
						"0.25": {
							"vector": [0, 0.34, 0.49]
						},
						"0.375": {
							"vector": [0, 0, 0]
						}
					}
				},
				"left_arm": {
					"rotation": {
						"0.0": {
							"vector": [0, 0, 0]
						},
						"0.0417": {
							"vector": [-74.85628, -50.2296, -29.42931]
						},
						"0.125": {
							"vector": [-106.13602, -89.34014, 6.24752]
						},
						"0.1667": {
							"vector": [-90.31477, -54.36572, -9.63166]
						},
						"0.25": {
							"vector": [-85.35989, -59.36563, -9.57782]
						},
						"0.375": {
							"vector": [0, 0, 0]
						}
					},
					"position": {
						"0.0": {
							"vector": [0, 0, 0]
						},
						"0.0417": {
							"vector": [-2.27563, 0, 1.1704]
						},
						"0.125": {
							"vector": [1, 0, -3]
						},
						"0.1667": {
							"vector": [2.5402, 0.14128, -4.61488]
						},
						"0.25": {
							"vector": [1, 0, -1]
						},
						"0.375": {
							"vector": [0, 0, 0]
						}
					}
				},
				"left_forearm": {
					"rotation": {
						"0.0": {
							"vector": [0, 0, 0]
						},
						"0.0417": {
							"vector": [0, 0, 15]
						},
						"0.125": {
							"vector": [0, 0, 25.5]
						},
						"0.25": {
							"vector": [0, 0, 13.86]
						},
						"0.375": {
							"vector": [0, 0, 0]
						}
					},
					"position": {
						"0.0": {
							"vector": [0, 0, 0]
						},
						"0.0417": {
							"vector": [0, 0, 0]
						},
						"0.125": {
							"vector": [0, 0.75, 0]
						},
						"0.25": {
							"vector": [0, 0, 0]
						},
						"0.375": {
							"vector": [0, 0, 0]
						}
					}
				}
			}
		},
		"walk": {
			"loop": true,
			"bones": {
				"waist": {
					"position": {
						"vector": [0, "-0.2+math.sin(query.anim_time *620) *0.1", 0]
					}
				},
				"right_arm": {
					"rotation": {
						"vector": ["5+math.sin(query.anim_time *360) *30", 0, 5]
					}
				},
				"right_forearm": {
					"rotation": {
						"vector": [-10, 0, 0]
					},
					"position": {
						"vector": [-0.01, 0.35919, 0.26642]
					}
				},
				"left_arm": {
					"rotation": {
						"vector": ["5+math.sin(query.anim_time *360) *-30", 0, -5]
					}
				},
				"left_forearm": {
					"rotation": {
						"vector": [-10, 0, 0]
					},
					"position": {
						"vector": [0.01, 0.39392, 0.06946]
					}
				},
				"right_leg": {
					"rotation": {
						"vector": ["math.sin(query.anim_time *360) *-30", 0, 0]
					},
					"position": {
						"vector": [0, -0.25, 0]
					}
				},
				"right_knee": {
					"rotation": {
						"vector": ["12.5-math.cos(query.anim_time *360) *-10", 0, 0]
					},
					"position": {
						"vector": [0, 0.7, 0.05]
					}
				},